{
  "fsl-community-bsp-base": 4.970968961715698,
  "Documentation": 7.03790807723999,
  "meta-freescale-3rdparty": 9.783677816390991,
  "meta-freescale-distro": 5.902341365814209,
  "meta-openembedded": 231.13810276985168,
  "meta-freescale": 285.37923789024353,
  "poky": 3315.056756734848
}